date,DAH,treatment,tunnel ,firmness (kg),ln_firmness (kg),log10_firmness (kg),sqrt_firmness (kg)
21/05/2025,0,control,,0.551,-0.6,-0.26,0.74
21/05/2025,0,control,,0.528,-0.64,-0.28,0.73
21/05/2025,0,control,,0.506,-0.68,-0.3,0.71
21/05/2025,0,control,,0.448,-0.8,-0.35,0.67
21/05/2025,0,control,,0.862,-0.15,-0.06,0.93
21/05/2025,0,control,,0.557,-0.59,-0.25,0.75
21/05/2025,0,control,,0.6,-0.51,-0.22,0.77
21/05/2025,0,control,,0.486,-0.72,-0.31,0.7
21/05/2025,0,control,,0.7,-0.36,-0.15,0.84
21/05/2025,0,control,,0.454,-0.79,-0.34,0.67
21/05/2025,0,control,,0.517,-0.66,-0.29,0.72
21/05/2025,0,control,,0.584,-0.54,-0.23,0.76
21/05/2025,0,control,,0.536,-0.62,-0.27,0.73
21/05/2025,0,control,,0.596,-0.52,-0.22,0.77
21/05/2025,0,control,,0.454,-0.79,-0.34,0.67
21/05/2025,0,control,,0.508,-0.68,-0.29,0.71
21/05/2025,0,control,,0.496,-0.7,-0.3,0.7
21/05/2025,0,control,,0.586,-0.53,-0.23,0.77
21/05/2025,0,control,,0.621,-0.48,-0.21,0.79
21/05/2025,0,control,,0.443,-0.81,-0.35,0.67
21/05/2025,0,control,,0.48,-0.73,-0.32,0.69
21/05/2025,0,control,,0.516,-0.66,-0.29,0.72
21/05/2025,0,control,,0.534,-0.63,-0.27,0.73
21/05/2025,0,control,,0.517,-0.66,-0.29,0.72
21/05/2025,0,control,,0.584,-0.54,-0.23,0.76
21/05/2025,0,control,,0.461,-0.77,-0.34,0.68
21/05/2025,0,control,,0.47,-0.76,-0.33,0.69
21/05/2025,0,control,,0.531,-0.63,-0.27,0.73
21/05/2025,0,control,,0.467,-0.76,-0.33,0.68
21/05/2025,0,control,,0.508,-0.68,-0.29,0.71
21/05/2025,0,control,,0.54,-0.62,-0.27,0.73
21/05/2025,0,control,,0.469,-0.76,-0.33,0.68
21/05/2025,0,control,,0.54,-0.62,-0.27,0.73
21/05/2025,0,control,,0.356,-1.03,-0.45,0.6
21/05/2025,0,control,,0.613,-0.49,-0.21,0.78
21/05/2025,0,control,,0.486,-0.72,-0.31,0.7
21/05/2025,0,control,,0.544,-0.61,-0.26,0.74
21/05/2025,0,control,,0.526,-0.64,-0.28,0.73
21/05/2025,0,control,,0.493,-0.71,-0.31,0.7
21/05/2025,0,control,,0.608,-0.5,-0.22,0.78
21/05/2025,0,control,,0.495,-0.7,-0.31,0.7
21/05/2025,0,control,,0.554,-0.59,-0.26,0.74
21/05/2025,0,control,,0.486,-0.72,-0.31,0.7
21/05/2025,0,control,,0.512,-0.67,-0.29,0.72
21/05/2025,0,control,,0.52,-0.65,-0.28,0.72
21/05/2025,0,control,,0.615,-0.49,-0.21,0.78
21/05/2025,0,control,,0.588,-0.53,-0.23,0.77
21/05/2025,0,shaded,,0.713,-0.34,-0.15,0.84
21/05/2025,0,shaded,,0.633,-0.46,-0.2,0.8
21/05/2025,0,shaded,,0.629,-0.46,-0.2,0.79
21/05/2025,0,shaded,,0.43,-0.84,-0.37,0.66
21/05/2025,0,shaded,,0.515,-0.66,-0.29,0.72
21/05/2025,0,shaded,,0.512,-0.67,-0.29,0.72
21/05/2025,0,shaded,,0.547,-0.6,-0.26,0.74
21/05/2025,0,shaded,,0.571,-0.56,-0.24,0.76
21/05/2025,0,shaded,,0.571,-0.56,-0.24,0.76
21/05/2025,0,shaded,,0.578,-0.55,-0.24,0.76
21/05/2025,0,shaded,,0.552,-0.59,-0.26,0.74
21/05/2025,0,shaded,,0.534,-0.63,-0.27,0.73
21/05/2025,0,shaded,,0.582,-0.54,-0.24,0.76
21/05/2025,0,shaded,,0.513,-0.67,-0.29,0.72
21/05/2025,0,shaded,,0.405,-0.9,-0.39,0.64
21/05/2025,0,shaded,,0.478,-0.74,-0.32,0.69
21/05/2025,0,shaded,,0.498,-0.7,-0.3,0.71
21/05/2025,0,shaded,,0.409,-0.89,-0.39,0.64
21/05/2025,0,shaded,,0.696,-0.36,-0.16,0.83
21/05/2025,0,shaded,,0.512,-0.67,-0.29,0.72
21/05/2025,0,shaded,,0.43,-0.84,-0.37,0.66
21/05/2025,0,shaded,,0.456,-0.79,-0.34,0.68
21/05/2025,0,shaded,,0.606,-0.5,-0.22,0.78
21/05/2025,0,shaded,,0.526,-0.64,-0.28,0.73
21/05/2025,0,shaded,,0.636,-0.45,-0.2,0.8
21/05/2025,0,shaded,,0.449,-0.8,-0.35,0.67
21/05/2025,0,shaded,,0.47,-0.76,-0.33,0.69
21/05/2025,0,shaded,,0.543,-0.61,-0.27,0.74
21/05/2025,0,shaded,,0.425,-0.86,-0.37,0.65
21/05/2025,0,shaded,,0.435,-0.83,-0.36,0.66
21/05/2025,0,shaded,,0.565,-0.57,-0.25,0.75
21/05/2025,0,shaded,,0.53,-0.63,-0.28,0.73
21/05/2025,0,shaded,,0.618,-0.48,-0.21,0.79
21/05/2025,0,shaded,,0.466,-0.76,-0.33,0.68
21/05/2025,0,shaded,,0.584,-0.54,-0.23,0.76
21/05/2025,0,shaded,,0.54,-0.62,-0.27,0.73
21/05/2025,0,shaded,,0.517,-0.66,-0.29,0.72
21/05/2025,0,shaded,,0.551,-0.6,-0.26,0.74
21/05/2025,0,shaded,,0.512,-0.67,-0.29,0.72
21/05/2025,0,shaded,,0.537,-0.62,-0.27,0.73
21/05/2025,0,shaded,,0.645,-0.44,-0.19,0.8
21/05/2025,0,shaded,,0.564,-0.57,-0.25,0.75
21/05/2025,0,shaded,,0.527,-0.64,-0.28,0.73
21/05/2025,0,shaded,,0.695,-0.36,-0.16,0.83
21/05/2025,0,shaded,,0.573,-0.56,-0.24,0.76
21/05/2025,0,shaded,,0.622,-0.47,-0.21,0.79
21/05/2025,0,shaded,,0.439,-0.82,-0.36,0.66
21/05/2025,0,shaded,,0.6,-0.51,-0.22,0.77
21/05/2025,0,shaded,,0.556,-0.59,-0.25,0.75
21/05/2025,0,shaded,,0.407,-0.9,-0.39,0.64
21/05/2025,0,shaded,,0.491,-0.71,-0.31,0.7
21/05/2025,0,shaded,,0.489,-0.72,-0.31,0.7
21/05/2025,0,shaded,,0.612,-0.49,-0.21,0.78
21/05/2025,0,shaded,,0.588,-0.53,-0.23,0.77
21/05/2025,0,shaded,,0.576,-0.55,-0.24,0.76
26/05/2025,3,control,C1,0.413,-0.88,-0.38,0.64
26/05/2025,3,control,C1,0.443,-0.81,-0.35,0.67
26/05/2025,3,control,C1,0.452,-0.79,-0.34,0.67
26/05/2025,3,control,C1,0.445,-0.81,-0.35,0.67
26/05/2025,3,control,C1,0.49,-0.71,-0.31,0.7
26/05/2025,3,control,C1,0.511,-0.67,-0.29,0.71
26/05/2025,3,control,C1,0.48,-0.73,-0.32,0.69
26/05/2025,3,control,C1,,,#NUM!,0
26/05/2025,3,control,C1,0.474,-0.32,-0.32,0.69
26/05/2025,3,control,C1,0.451,-0.35,-0.35,0.67
26/05/2025,3,control,C1,0.439,-0.36,-0.36,0.66
26/05/2025,3,control,C1,0.411,-0.39,-0.39,0.64
26/05/2025,3,control,C1,0.453,-0.34,-0.34,0.67
26/05/2025,3,control,C1,0.436,-0.36,-0.36,0.66
26/05/2025,3,control,C1,0.483,-0.32,-0.32,0.69
26/05/2025,3,control,C1,0.464,-0.33,-0.33,0.68
26/05/2025,3,control,C1,0.417,-0.38,-0.38,0.65
26/05/2025,3,control,C1,0.467,-0.33,-0.33,0.68
26/05/2025,3,control,C1,0.474,-0.32,-0.32,0.69
26/05/2025,3,control,C1,0.52,-0.28,-0.28,0.72
26/05/2025,3,control,C1,0.519,-0.28,-0.28,0.72
26/05/2025,3,control,C1,0.512,-0.29,-0.29,0.72
26/05/2025,3,control,C1,0.502,-0.3,-0.3,0.71
26/05/2025,3,control,C1,0.512,-0.29,-0.29,0.72
26/05/2025,3,control,C1,0.492,-0.31,-0.31,0.7
26/05/2025,3,control,C1,0.426,-0.37,-0.37,0.65
26/05/2025,3,control,C1,0.424,-0.37,-0.37,0.65
26/05/2025,3,control,C1,0.58,-0.24,-0.24,0.76
26/05/2025,3,control,C1,0.51,-0.29,-0.29,0.71
26/05/2025,3,control,C1,0.566,-0.25,-0.25,0.75
26/05/2025,3,control,C2,,,,
26/05/2025,3,control,C2,0.48,-0.32,-0.32,0.69
26/05/2025,3,control,C2,0.484,-0.32,-0.32,0.7
26/05/2025,3,control,C2,0.624,-0.2,-0.2,0.79
26/05/2025,3,control,C2,0.461,-0.34,-0.34,0.68
26/05/2025,3,control,C2,0.461,-0.34,-0.34,0.68
26/05/2025,3,control,C2,0.638,-0.2,-0.2,0.8
26/05/2025,3,control,C2,0.482,-0.32,-0.32,0.69
26/05/2025,3,control,C2,0.408,-0.39,-0.39,0.64
26/05/2025,3,control,C2,0.486,-0.31,-0.31,0.7
26/05/2025,3,control,C2,0.487,-0.31,-0.31,0.7
26/05/2025,3,control,C2,0.494,-0.31,-0.31,0.7
26/05/2025,3,control,C2,0.5,-0.3,-0.3,0.71
26/05/2025,3,control,C2,0.512,-0.29,-0.29,0.72
26/05/2025,3,control,C2,0.494,-0.31,-0.31,0.7
26/05/2025,3,control,C2,0.495,-0.31,-0.31,0.7
26/05/2025,3,control,C2,0.421,-0.38,-0.38,0.65
26/05/2025,3,control,C2,0.487,-0.31,-0.31,0.7
26/05/2025,3,control,C2,0.404,-0.39,-0.39,0.64
26/05/2025,3,control,C2,0.435,-0.36,-0.36,0.66
26/05/2025,3,control,C2,0.468,-0.33,-0.33,0.68
26/05/2025,3,control,C2,0.462,-0.34,-0.34,0.68
26/05/2025,3,control,C2,0.519,-0.28,-0.28,0.72
26/05/2025,3,control,C2,0.456,-0.34,-0.34,0.68
26/05/2025,3,control,C2,0.471,-0.33,-0.33,0.69
26/05/2025,3,control,C2,0.482,-0.32,-0.32,0.69
26/05/2025,3,control,C2,0.768,-0.11,-0.11,0.88
26/05/2025,3,control,C2,0.539,-0.27,-0.27,0.73
26/05/2025,3,control,C2,0.437,-0.36,-0.36,0.66
26/05/2025,3,control,C2,0.504,-0.3,-0.3,0.71
26/05/2025,3,control,C2,0.663,-0.18,-0.18,0.81
26/05/2025,3,control,C2,0.48,-0.32,-0.32,0.69
26/05/2025,3,control,C2,0.531,-0.27,-0.27,0.73
26/05/2025,3,control,C2,,,,
26/05/2025,3,control,C2,0.707,-0.15,-0.15,0.84
26/05/2025,3,control,C2,0.514,-0.29,-0.29,0.72
26/05/2025,3,control,C2,0.464,-0.33,-0.33,0.68
26/05/2025,3,control,C2,0.502,-0.3,-0.3,0.71
26/05/2025,3,control,C2,0.912,-0.04,-0.04,0.95
26/05/2025,3,control,C2,0.515,-0.29,-0.29,0.72
26/05/2025,3,control,C2,0.395,-0.4,-0.4,0.63
26/05/2025,3,control,C2,0.523,-0.28,-0.28,0.72
26/05/2025,3,control,C3,0.504,-0.3,-0.3,0.71
26/05/2025,3,control,C3,0.512,-0.29,-0.29,0.72
26/05/2025,3,control,C3,0.44,-0.36,-0.36,0.66
26/05/2025,3,control,C3,0.478,-0.32,-0.32,0.69
26/05/2025,3,control,C3,0.487,-0.31,-0.31,0.7
26/05/2025,3,control,C3,0.545,-0.26,-0.26,0.74
26/05/2025,3,control,C3,0.452,-0.34,-0.34,0.67
26/05/2025,3,control,C3,0.429,-0.37,-0.37,0.65
26/05/2025,3,control,C3,0.477,-0.32,-0.32,0.69
26/05/2025,3,control,C3,0.433,-0.36,-0.36,0.66
26/05/2025,3,control,C3,0.449,-0.35,-0.35,0.67
26/05/2025,3,control,C3,0.511,-0.29,-0.29,0.71
26/05/2025,3,control,C3,0.499,-0.3,-0.3,0.71
26/05/2025,3,control,C3,0.416,-0.38,-0.38,0.64
26/05/2025,3,control,C3,0.402,-0.4,-0.4,0.63
26/05/2025,3,control,C3,0.42,-0.38,-0.38,0.65
26/05/2025,3,control,C3,0.426,-0.37,-0.37,0.65
26/05/2025,3,control,C3,0.538,-0.27,-0.27,0.73
26/05/2025,3,control,C3,0.449,-0.35,-0.35,0.67
26/05/2025,3,control,C3,0.399,-0.4,-0.4,0.63
26/05/2025,3,control,C3,0.47,-0.33,-0.33,0.69
26/05/2025,3,control,C3,0.485,-0.31,-0.31,0.7
26/05/2025,3,control,C3,0.428,-0.37,-0.37,0.65
26/05/2025,3,control,C3,0.473,-0.33,-0.33,0.69
26/05/2025,3,control,C3,0.445,-0.35,-0.35,0.67
26/05/2025,3,control,C3,0.45,-0.35,-0.35,0.67
26/05/2025,3,control,C3,0.482,-0.32,-0.32,0.69
26/05/2025,3,control,C3,0.435,-0.36,-0.36,0.66
26/05/2025,3,control,C3,0.518,-0.29,-0.29,0.72
26/05/2025,3,control,C3,0.505,-0.3,-0.3,0.71
26/05/2025,3,control,C3,0.458,-0.34,-0.34,0.68
26/05/2025,3,control,C3,0.501,-0.3,-0.3,0.71
26/05/2025,3,control,C3,0.416,-0.38,-0.38,0.64
26/05/2025,3,control,C3,0.439,-0.36,-0.36,0.66
26/05/2025,3,control,C3,0.464,-0.33,-0.33,0.68
26/05/2025,3,control,C3,0.517,-0.29,-0.29,0.72
26/05/2025,3,control,C3,0.508,-0.29,-0.29,0.71
26/05/2025,3,control,C3,0.473,-0.33,-0.33,0.69
26/05/2025,3,control,C3,0.389,-0.41,-0.41,0.62
26/05/2025,3,control,C3,0.406,-0.39,-0.39,0.64
26/05/2025,3,control,C3,0.409,-0.39,-0.39,0.64
26/05/2025,3,control,C3,0.483,-0.32,-0.32,0.69
26/05/2025,3,control,C3,0.449,-0.35,-0.35,0.67
26/05/2025,3,shaded,S1,0.529,-0.28,-0.28,0.73
26/05/2025,3,shaded,S1,0.452,-0.34,-0.34,0.67
26/05/2025,3,shaded,S1,0.471,-0.33,-0.33,0.69
26/05/2025,3,shaded,S1,0.444,-0.35,-0.35,0.67
26/05/2025,3,shaded,S1,0.483,-0.32,-0.32,0.69
26/05/2025,3,shaded,S1,0.528,-0.28,-0.28,0.73
26/05/2025,3,shaded,S1,0.45,-0.35,-0.35,0.67
26/05/2025,3,shaded,S1,0.47,-0.33,-0.33,0.69
26/05/2025,3,shaded,S1,0.53,-0.28,-0.28,0.73
26/05/2025,3,shaded,S1,0.522,-0.28,-0.28,0.72
26/05/2025,3,shaded,S1,0.573,-0.24,-0.24,0.76
26/05/2025,3,shaded,S1,0.48,-0.32,-0.32,0.69
26/05/2025,3,shaded,S1,0.539,-0.27,-0.27,0.73
26/05/2025,3,shaded,S1,0.497,-0.3,-0.3,0.7
26/05/2025,3,shaded,S1,0.57,-0.24,-0.24,0.75
26/05/2025,3,shaded,S1,0.547,-0.26,-0.26,0.74
26/05/2025,3,shaded,S1,0.496,-0.3,-0.3,0.7
26/05/2025,3,shaded,S1,0.436,-0.36,-0.36,0.66
26/05/2025,3,shaded,S1,0.484,-0.32,-0.32,0.7
26/05/2025,3,shaded,S1,0.426,-0.37,-0.37,0.65
26/05/2025,3,shaded,S1,0.568,-0.25,-0.25,0.75
26/05/2025,3,shaded,S1,0.52,-0.28,-0.28,0.72
26/05/2025,3,shaded,S1,0.571,-0.24,-0.24,0.76
26/05/2025,3,shaded,S1,0.521,-0.28,-0.28,0.72
26/05/2025,3,shaded,S1,0.602,-0.22,-0.22,0.78
26/05/2025,3,shaded,S1,0.508,-0.29,-0.29,0.71
26/05/2025,3,shaded,S2,0.51,-0.29,-0.29,0.71
26/05/2025,3,shaded,S2,0.45,-0.35,-0.35,0.67
26/05/2025,3,shaded,S2,0.453,-0.34,-0.34,0.67
26/05/2025,3,shaded,S2,0.461,-0.34,-0.34,0.68
26/05/2025,3,shaded,S2,0.507,-0.29,-0.29,0.71
26/05/2025,3,shaded,S2,0.46,-0.34,-0.34,0.68
26/05/2025,3,shaded,S2,0.474,-0.32,-0.32,0.69
26/05/2025,3,shaded,S2,0.494,-0.31,-0.31,0.7
26/05/2025,3,shaded,S2,0.481,-0.32,-0.32,0.69
26/05/2025,3,shaded,S2,0.495,-0.31,-0.31,0.7
26/05/2025,3,shaded,S2,0.445,-0.35,-0.35,0.67
26/05/2025,3,shaded,S2,0.423,-0.37,-0.37,0.65
26/05/2025,3,shaded,S2,0.508,-0.29,-0.29,0.71
26/05/2025,3,shaded,S2,0.503,-0.3,-0.3,0.71
26/05/2025,3,shaded,S2,0.519,-0.28,-0.28,0.72
26/05/2025,3,shaded,S2,0.475,-0.32,-0.32,0.69
26/05/2025,3,shaded,S2,0.525,-0.28,-0.28,0.72
26/05/2025,3,shaded,S2,0.556,-0.25,-0.25,0.75
26/05/2025,3,shaded,S2,0.478,-0.32,-0.32,0.69
26/05/2025,3,shaded,S2,0.419,-0.38,-0.38,0.65
26/05/2025,3,shaded,S2,0.505,-0.3,-0.3,0.71
26/05/2025,3,shaded,S2,0.454,-0.34,-0.34,0.67
26/05/2025,3,shaded,S2,0.44,-0.36,-0.36,0.66
26/05/2025,3,shaded,S3,0.474,-0.32,-0.32,0.69
26/05/2025,3,shaded,S3,0.458,-0.34,-0.34,0.68
26/05/2025,3,shaded,S3,0.503,-0.3,-0.3,0.71
26/05/2025,3,shaded,S3,0.51,-0.29,-0.29,0.71
26/05/2025,3,shaded,S3,0.453,-0.34,-0.34,0.67
26/05/2025,3,shaded,S3,0.573,-0.24,-0.24,0.76
26/05/2025,3,shaded,S3,0.558,-0.25,-0.25,0.75
26/05/2025,3,shaded,S3,0.457,-0.34,-0.34,0.68
26/05/2025,3,shaded,S3,0.394,-0.4,-0.4,0.63
26/05/2025,3,shaded,S3,0.501,-0.3,-0.3,0.71
26/05/2025,3,shaded,S3,0.464,-0.33,-0.33,0.68
26/05/2025,3,shaded,S3,0.474,-0.32,-0.32,0.69
26/05/2025,3,shaded,S3,0.439,-0.36,-0.36,0.66
26/05/2025,3,shaded,S3,0.556,-0.25,-0.25,0.75
26/05/2025,3,shaded,S3,0.556,-0.25,-0.25,0.75
26/05/2025,3,shaded,S3,0.462,-0.34,-0.34,0.68
26/05/2025,3,shaded,S3,0.557,-0.25,-0.25,0.75
26/05/2025,3,shaded,S3,0.473,-0.33,-0.33,0.69
26/05/2025,3,shaded,S3,0.572,-0.24,-0.24,0.76
26/05/2025,3,shaded,S3,0.551,-0.26,-0.26,0.74
26/05/2025,3,shaded,S3,0.516,-0.29,-0.29,0.72
28/05/2025,7,control,C1,0.41,-0.39,-0.39,0.64
28/05/2025,7,control,C1,0.419,-0.38,-0.38,0.65
28/05/2025,7,control,C1,0.456,-0.34,-0.34,0.68
28/05/2025,7,control,C1,0.45,-0.35,-0.35,0.67
28/05/2025,7,control,C1,0.373,-0.43,-0.43,0.61
28/05/2025,7,control,C1,0.448,-0.35,-0.35,0.67
28/05/2025,7,control,C1,0.418,-0.38,-0.38,0.65
28/05/2025,7,control,C1,0.355,-0.45,-0.45,0.6
28/05/2025,7,control,C1,0.461,-0.34,-0.34,0.68
28/05/2025,7,control,C1,0.489,-0.31,-0.31,0.7
28/05/2025,7,control,C1,0.483,-0.32,-0.32,0.69
28/05/2025,7,control,C1,0.384,-0.42,-0.42,0.62
28/05/2025,7,control,C1,0.398,-0.4,-0.4,0.63
28/05/2025,7,control,C1,0.509,-0.29,-0.29,0.71
28/05/2025,7,control,C1,0.55,-0.26,-0.26,0.74
28/05/2025,7,control,C1,0.378,-0.42,-0.42,0.61
28/05/2025,7,control,C1,0.489,-0.31,-0.31,0.7
28/05/2025,7,control,C1,0.383,-0.42,-0.42,0.62
28/05/2025,7,control,C1,0.466,-0.33,-0.33,0.68
28/05/2025,7,control,C1,0.537,-0.27,-0.27,0.73
28/05/2025,7,control,C1,0.439,-0.36,-0.36,0.66
28/05/2025,7,control,C1,0.439,-0.36,-0.36,0.66
28/05/2025,7,control,C1,0.438,-0.36,-0.36,0.66
28/05/2025,7,control,C1,0.405,-0.39,-0.39,0.64
28/05/2025,7,control,C1,0.568,-0.25,-0.25,0.75
28/05/2025,7,control,C1,0.392,-0.41,-0.41,0.63
28/05/2025,7,control,C1,0.521,-0.28,-0.28,0.72
28/05/2025,7,control,C1,0.374,-0.43,-0.43,0.61
28/05/2025,7,control,C1,0.45,-0.35,-0.35,0.67
28/05/2025,7,control,C1,0.378,-0.42,-0.42,0.61
28/05/2025,7,control,C1,0.355,-0.45,-0.45,0.6
28/05/2025,7,control,C1,0.411,-0.39,-0.39,0.64
28/05/2025,7,control,C1,0.457,-0.34,-0.34,0.68
28/05/2025,7,control,C1,0.424,-0.37,-0.37,0.65
28/05/2025,7,control,C1,0.525,-0.28,-0.28,0.72
28/05/2025,7,control,C1,0.466,-0.33,-0.33,0.68
28/05/2025,7,control,C1,0.456,-0.34,-0.34,0.68
28/05/2025,7,control,C1,0.495,-0.31,-0.31,0.7
28/05/2025,7,control,C1,0.503,-0.3,-0.3,0.71
28/05/2025,7,control,C1,0.409,-0.39,-0.39,0.64
28/05/2025,7,control,C1,0.402,-0.4,-0.4,0.63
28/05/2025,7,control,C1,0.352,-0.45,-0.45,0.59
28/05/2025,7,control,C1,0.387,-0.41,-0.41,0.62
28/05/2025,7,control,C1,0.444,-0.35,-0.35,0.67
28/05/2025,7,control,C1,0.344,-0.46,-0.46,0.59
28/05/2025,7,control,C1,0.386,-0.41,-0.41,0.62
28/05/2025,7,control,C1,0.378,-0.42,-0.42,0.61
28/05/2025,7,control,C1,0.453,-0.34,-0.34,0.67
28/05/2025,7,control,C1,0.428,-0.37,-0.37,0.65
28/05/2025,7,control,C1,0.383,-0.42,-0.42,0.62
28/05/2025,7,control,C2,0.482,-0.32,-0.32,0.69
28/05/2025,7,control,C2,0.467,-0.33,-0.33,0.68
28/05/2025,7,control,C2,0.505,-0.3,-0.3,0.71
28/05/2025,7,control,C2,0.394,-0.4,-0.4,0.63
28/05/2025,7,control,C2,0.523,-0.28,-0.28,0.72
28/05/2025,7,control,C2,0.446,-0.35,-0.35,0.67
28/05/2025,7,control,C2,0.388,-0.41,-0.41,0.62
28/05/2025,7,control,C2,0.451,-0.35,-0.35,0.67
28/05/2025,7,control,C2,0.437,-0.36,-0.36,0.66
28/05/2025,7,control,C2,0.501,-0.3,-0.3,0.71
28/05/2025,7,control,C2,0.456,-0.34,-0.34,0.68
28/05/2025,7,control,C2,0.471,-0.33,-0.33,0.69
28/05/2025,7,control,C2,0.478,-0.32,-0.32,0.69
28/05/2025,7,control,C2,0.484,-0.32,-0.32,0.7
28/05/2025,7,control,C2,0.428,-0.37,-0.37,0.65
28/05/2025,7,control,C2,0.393,-0.41,-0.41,0.63
28/05/2025,7,control,C2,0.423,-0.37,-0.37,0.65
28/05/2025,7,control,C2,0.472,-0.33,-0.33,0.69
28/05/2025,7,control,C2,0.418,-0.38,-0.38,0.65
28/05/2025,7,control,C2,0.377,-0.42,-0.42,0.61
28/05/2025,7,control,C2,0.522,-0.28,-0.28,0.72
28/05/2025,7,control,C2,0.45,-0.35,-0.35,0.67
28/05/2025,7,control,C2,0.478,-0.32,-0.32,0.69
28/05/2025,7,control,C2,0.372,-0.43,-0.43,0.61
28/05/2025,7,control,C2,0.407,-0.39,-0.39,0.64
28/05/2025,7,control,C2,0.504,-0.3,-0.3,0.71
28/05/2025,7,control,C2,0.456,-0.34,-0.34,0.68
28/05/2025,7,control,C2,0.403,-0.39,-0.39,0.63
28/05/2025,7,control,C2,0.466,-0.33,-0.33,0.68
28/05/2025,7,control,C2,0.535,-0.27,-0.27,0.73
28/05/2025,7,control,C2,0.4,-0.4,-0.4,0.63
28/05/2025,7,control,C2,0.422,-0.37,-0.37,0.65
28/05/2025,7,control,C2,0.438,-0.36,-0.36,0.66
28/05/2025,7,control,C2,0.394,-0.4,-0.4,0.63
28/05/2025,7,control,C2,0.529,-0.28,-0.28,0.73
28/05/2025,7,control,C2,0.523,-0.28,-0.28,0.72
28/05/2025,7,control,C2,0.356,-0.45,-0.45,0.6
28/05/2025,7,control,C2,0.463,-0.33,-0.33,0.68
28/05/2025,7,control,C2,0.48,-0.32,-0.32,0.69
28/05/2025,7,control,C2,0.428,-0.37,-0.37,0.65
28/05/2025,7,control,C2,0.349,-0.46,-0.46,0.59
28/05/2025,7,control,C2,0.409,-0.39,-0.39,0.64
28/05/2025,7,control,C2,0.454,-0.34,-0.34,0.67
28/05/2025,7,control,C2,0.461,-0.34,-0.34,0.68
28/05/2025,7,control,C2,0.465,-0.33,-0.33,0.68
28/05/2025,7,control,C2,0.412,-0.39,-0.39,0.64
28/05/2025,7,control,C2,0.323,-0.49,-0.49,0.57
28/05/2025,7,control,C2,0.526,-0.28,-0.28,0.73
28/05/2025,7,control,C2,0.424,-0.37,-0.37,0.65
28/05/2025,7,control,C2,0.423,-0.37,-0.37,0.65
28/05/2025,7,control,C3,0.44,-0.36,-0.36,0.66
28/05/2025,7,control,C3,0.4,-0.4,-0.4,0.63
28/05/2025,7,control,C3,0.452,-0.34,-0.34,0.67
28/05/2025,7,control,C3,0.375,-0.43,-0.43,0.61
28/05/2025,7,control,C3,0.456,-0.34,-0.34,0.68
28/05/2025,7,control,C3,0.428,-0.37,-0.37,0.65
28/05/2025,7,control,C3,0.424,-0.37,-0.37,0.65
28/05/2025,7,control,C3,0.399,-0.4,-0.4,0.63
28/05/2025,7,control,C3,0.501,-0.3,-0.3,0.71
28/05/2025,7,control,C3,0.379,-0.42,-0.42,0.62
28/05/2025,7,control,C3,0.402,-0.4,-0.4,0.63
28/05/2025,7,control,C3,0.343,-0.46,-0.46,0.59
28/05/2025,7,control,C3,0.394,-0.4,-0.4,0.63
28/05/2025,7,control,C3,0.538,-0.27,-0.27,0.73
28/05/2025,7,control,C3,0.463,-0.33,-0.33,0.68
28/05/2025,7,control,C3,0.432,-0.36,-0.36,0.66
28/05/2025,7,control,C3,0.402,-0.4,-0.4,0.63
28/05/2025,7,control,C3,0.379,-0.42,-0.42,0.62
28/05/2025,7,control,C3,0.421,-0.38,-0.38,0.65
28/05/2025,7,control,C3,0.477,-0.32,-0.32,0.69
28/05/2025,7,control,C3,0.405,-0.39,-0.39,0.64
28/05/2025,7,control,C3,0.472,-0.33,-0.33,0.69
28/05/2025,7,control,C3,0.365,-0.44,-0.44,0.6
28/05/2025,7,control,C3,0.383,-0.42,-0.42,0.62
28/05/2025,7,control,C3,0.489,-0.31,-0.31,0.7
28/05/2025,7,control,C3,0.476,-0.32,-0.32,0.69
28/05/2025,7,control,C3,0.451,-0.35,-0.35,0.67
28/05/2025,7,control,C3,0.447,-0.35,-0.35,0.67
28/05/2025,7,control,C3,0.427,-0.37,-0.37,0.65
28/05/2025,7,control,C3,0.461,-0.34,-0.34,0.68
28/05/2025,7,control,C3,0.543,-0.27,-0.27,0.74
28/05/2025,7,control,C3,0.392,-0.41,-0.41,0.63
28/05/2025,7,control,C3,0.44,-0.36,-0.36,0.66
28/05/2025,7,control,C3,0.412,-0.39,-0.39,0.64
28/05/2025,7,control,C3,0.38,-0.42,-0.42,0.62
28/05/2025,7,control,C3,0.468,-0.33,-0.33,0.68
28/05/2025,7,control,C3,0.39,-0.41,-0.41,0.62
28/05/2025,7,control,C3,0.424,-0.37,-0.37,0.65
28/05/2025,7,control,C3,0.444,-0.35,-0.35,0.67
28/05/2025,7,control,C3,0.523,-0.28,-0.28,0.72
28/05/2025,7,control,C3,0.438,-0.36,-0.36,0.66
28/05/2025,7,control,C3,0.428,-0.37,-0.37,0.65
28/05/2025,7,control,C3,0.528,-0.28,-0.28,0.73
28/05/2025,7,control,C3,0.469,-0.33,-0.33,0.68
28/05/2025,7,control,C3,0.451,-0.35,-0.35,0.67
28/05/2025,7,control,C3,0.48,-0.32,-0.32,0.69
28/05/2025,7,control,C3,0.417,-0.38,-0.38,0.65
28/05/2025,7,control,C3,0.418,-0.38,-0.38,0.65
28/05/2025,7,control,C3,0.444,-0.35,-0.35,0.67
28/05/2025,7,control,C3,0.367,-0.44,-0.44,0.61
28/05/2025,7,shaded,S1,0.363,-0.44,-0.44,0.6
28/05/2025,7,shaded,S1,0.557,-0.25,-0.25,0.75
28/05/2025,7,shaded,S1,0.467,-0.33,-0.33,0.68
28/05/2025,7,shaded,S1,0.46,-0.34,-0.34,0.68
28/05/2025,7,shaded,S1,0.461,-0.34,-0.34,0.68
28/05/2025,7,shaded,S1,0.469,-0.33,-0.33,0.68
28/05/2025,7,shaded,S1,0.433,-0.36,-0.36,0.66
28/05/2025,7,shaded,S1,0.568,-0.25,-0.25,0.75
28/05/2025,7,shaded,S1,0.459,-0.34,-0.34,0.68
28/05/2025,7,shaded,S1,0.412,-0.39,-0.39,0.64
28/05/2025,7,shaded,S1,0.405,-0.39,-0.39,0.64
28/05/2025,7,shaded,S1,0.378,-0.42,-0.42,0.61
28/05/2025,7,shaded,S1,0.472,-0.33,-0.33,0.69
28/05/2025,7,shaded,S1,0.489,-0.31,-0.31,0.7
28/05/2025,7,shaded,S1,0.418,-0.38,-0.38,0.65
28/05/2025,7,shaded,S1,0.444,-0.35,-0.35,0.67
28/05/2025,7,shaded,S1,0.443,-0.35,-0.35,0.67
28/05/2025,7,shaded,S1,0.439,-0.36,-0.36,0.66
28/05/2025,7,shaded,S1,0.453,-0.34,-0.34,0.67
28/05/2025,7,shaded,S1,0.375,-0.43,-0.43,0.61
28/05/2025,7,shaded,S1,0.433,-0.36,-0.36,0.66
28/05/2025,7,shaded,S1,0.415,-0.38,-0.38,0.64
28/05/2025,7,shaded,S1,0.536,-0.27,-0.27,0.73
28/05/2025,7,shaded,S1,0.436,-0.36,-0.36,0.66
28/05/2025,7,shaded,S1,0.427,-0.37,-0.37,0.65
28/05/2025,7,shaded,S1,0.465,-0.33,-0.33,0.68
28/05/2025,7,shaded,S1,0.418,-0.38,-0.38,0.65
28/05/2025,7,shaded,S1,0.499,-0.3,-0.3,0.71
28/05/2025,7,shaded,S1,0.551,-0.26,-0.26,0.74
28/05/2025,7,shaded,S1,0.491,-0.31,-0.31,0.7
28/05/2025,7,shaded,S1,0.451,-0.35,-0.35,0.67
28/05/2025,7,shaded,S1,0.479,-0.32,-0.32,0.69
28/05/2025,7,shaded,S1,0.351,-0.45,-0.45,0.59
28/05/2025,7,shaded,S1,0.47,-0.33,-0.33,0.69
28/05/2025,7,shaded,S1,0.435,-0.36,-0.36,0.66
28/05/2025,7,shaded,S1,0.492,-0.31,-0.31,0.7
28/05/2025,7,shaded,S1,0.472,-0.33,-0.33,0.69
28/05/2025,7,shaded,S1,0.38,-0.42,-0.42,0.62
28/05/2025,7,shaded,S1,0.477,-0.32,-0.32,0.69
28/05/2025,7,shaded,S1,0.417,-0.38,-0.38,0.65
28/05/2025,7,shaded,S1,0.547,-0.26,-0.26,0.74
28/05/2025,7,shaded,S1,0.467,-0.33,-0.33,0.68
28/05/2025,7,shaded,S1,0.411,-0.39,-0.39,0.64
28/05/2025,7,shaded,S1,0.62,-0.21,-0.21,0.79
28/05/2025,7,shaded,S1,0.439,-0.36,-0.36,0.66
28/05/2025,7,shaded,S1,0.45,-0.35,-0.35,0.67
28/05/2025,7,shaded,S1,0.49,-0.31,-0.31,0.7
28/05/2025,7,shaded,S1,0.462,-0.34,-0.34,0.68
28/05/2025,7,shaded,S1,0.491,-0.31,-0.31,0.7
28/05/2025,7,shaded,S1,0.439,-0.36,-0.36,0.66
28/05/2025,7,shaded,S2,0.382,-0.42,-0.42,0.62
28/05/2025,7,shaded,S2,0.453,-0.34,-0.34,0.67
28/05/2025,7,shaded,S2,0.501,-0.3,-0.3,0.71
28/05/2025,7,shaded,S2,0.427,-0.37,-0.37,0.65
28/05/2025,7,shaded,S2,0.437,-0.36,-0.36,0.66
28/05/2025,7,shaded,S2,0.462,-0.34,-0.34,0.68
28/05/2025,7,shaded,S2,0.456,-0.34,-0.34,0.68
28/05/2025,7,shaded,S2,0.479,-0.32,-0.32,0.69
28/05/2025,7,shaded,S2,0.445,-0.35,-0.35,0.67
28/05/2025,7,shaded,S2,0.474,-0.32,-0.32,0.69
28/05/2025,7,shaded,S2,0.445,-0.35,-0.35,0.67
28/05/2025,7,shaded,S2,0.377,-0.42,-0.42,0.61
28/05/2025,7,shaded,S2,0.517,-0.29,-0.29,0.72
28/05/2025,7,shaded,S2,0.469,-0.33,-0.33,0.68
28/05/2025,7,shaded,S2,0.497,-0.3,-0.3,0.7
28/05/2025,7,shaded,S2,0.466,-0.33,-0.33,0.68
28/05/2025,7,shaded,S2,0.42,-0.38,-0.38,0.65
28/05/2025,7,shaded,S2,0.422,-0.37,-0.37,0.65
28/05/2025,7,shaded,S2,0.554,-0.26,-0.26,0.74
28/05/2025,7,shaded,S2,0.478,-0.32,-0.32,0.69
28/05/2025,7,shaded,S2,0.44,-0.36,-0.36,0.66
28/05/2025,7,shaded,S2,0.497,-0.3,-0.3,0.7
28/05/2025,7,shaded,S2,0.426,-0.37,-0.37,0.65
28/05/2025,7,shaded,S2,0.522,-0.28,-0.28,0.72
28/05/2025,7,shaded,S2,0.44,-0.36,-0.36,0.66
28/05/2025,7,shaded,S2,0.389,-0.41,-0.41,0.62
28/05/2025,7,shaded,S2,0.501,-0.3,-0.3,0.71
28/05/2025,7,shaded,S2,0.445,-0.35,-0.35,0.67
28/05/2025,7,shaded,S2,0.441,-0.36,-0.36,0.66
28/05/2025,7,shaded,S2,0.46,-0.34,-0.34,0.68
28/05/2025,7,shaded,S2,0.467,-0.33,-0.33,0.68
28/05/2025,7,shaded,S2,0.528,-0.28,-0.28,0.73
28/05/2025,7,shaded,S2,0.47,-0.33,-0.33,0.69
28/05/2025,7,shaded,S2,0.459,-0.34,-0.34,0.68
28/05/2025,7,shaded,S2,0.492,-0.31,-0.31,0.7
28/05/2025,7,shaded,S2,0.403,-0.39,-0.39,0.63
28/05/2025,7,shaded,S2,0.456,-0.34,-0.34,0.68
28/05/2025,7,shaded,S2,0.465,-0.33,-0.33,0.68
28/05/2025,7,shaded,S2,0.445,-0.35,-0.35,0.67
28/05/2025,7,shaded,S2,0.475,-0.32,-0.32,0.69
28/05/2025,7,shaded,S2,0.428,-0.37,-0.37,0.65
28/05/2025,7,shaded,S2,0.464,-0.33,-0.33,0.68
28/05/2025,7,shaded,S2,0.438,-0.36,-0.36,0.66
28/05/2025,7,shaded,S2,0.501,-0.3,-0.3,0.71
28/05/2025,7,shaded,S2,0.417,-0.38,-0.38,0.65
28/05/2025,7,shaded,S2,0.467,-0.33,-0.33,0.68
28/05/2025,7,shaded,S2,0.429,-0.37,-0.37,0.65
28/05/2025,7,shaded,S2,0.404,-0.39,-0.39,0.64
28/05/2025,7,shaded,S2,0.477,-0.32,-0.32,0.69
28/05/2025,7,shaded,S2,0.523,-0.28,-0.28,0.72
28/05/2025,7,shaded,S3,0.361,-0.44,-0.44,0.6
28/05/2025,7,shaded,S3,0.418,-0.38,-0.38,0.65
28/05/2025,7,shaded,S3,0.428,-0.37,-0.37,0.65
28/05/2025,7,shaded,S3,0.401,-0.4,-0.4,0.63
28/05/2025,7,shaded,S3,0.37,-0.43,-0.43,0.61
28/05/2025,7,shaded,S3,0.409,-0.39,-0.39,0.64
28/05/2025,7,shaded,S3,0.413,-0.38,-0.38,0.64
28/05/2025,7,shaded,S3,0.486,-0.31,-0.31,0.7
28/05/2025,7,shaded,S3,0.446,-0.35,-0.35,0.67
28/05/2025,7,shaded,S3,0.421,-0.38,-0.38,0.65
28/05/2025,7,shaded,S3,0.367,-0.44,-0.44,0.61
28/05/2025,7,shaded,S3,0.391,-0.41,-0.41,0.63
28/05/2025,7,shaded,S3,0.516,-0.29,-0.29,0.72
28/05/2025,7,shaded,S3,0.466,-0.33,-0.33,0.68
28/05/2025,7,shaded,S3,0.447,-0.35,-0.35,0.67
28/05/2025,7,shaded,S3,0.394,-0.4,-0.4,0.63
28/05/2025,7,shaded,S3,0.424,-0.37,-0.37,0.65
28/05/2025,7,shaded,S3,0.441,-0.36,-0.36,0.66
28/05/2025,7,shaded,S3,0.405,-0.39,-0.39,0.64
28/05/2025,7,shaded,S3,0.486,-0.31,-0.31,0.7
28/05/2025,7,shaded,S3,0.405,-0.39,-0.39,0.64
28/05/2025,7,shaded,S3,0.454,-0.34,-0.34,0.67
28/05/2025,7,shaded,S3,0.533,-0.27,-0.27,0.73
28/05/2025,7,shaded,S3,0.495,-0.31,-0.31,0.7
28/05/2025,7,shaded,S3,0.393,-0.41,-0.41,0.63
28/05/2025,7,shaded,S3,0.461,-0.34,-0.34,0.68
28/05/2025,7,shaded,S3,0.433,-0.36,-0.36,0.66
28/05/2025,7,shaded,S3,0.45,-0.35,-0.35,0.67
28/05/2025,7,shaded,S3,0.377,-0.42,-0.42,0.61
28/05/2025,7,shaded,S3,0.434,-0.36,-0.36,0.66
28/05/2025,7,shaded,S3,0.48,-0.32,-0.32,0.69
28/05/2025,7,shaded,S3,0.49,-0.31,-0.31,0.7
28/05/2025,7,shaded,S3,0.395,-0.4,-0.4,0.63
28/05/2025,7,shaded,S3,0.456,-0.34,-0.34,0.68
28/05/2025,7,shaded,S3,0.512,-0.29,-0.29,0.72
28/05/2025,7,shaded,S3,0.453,-0.34,-0.34,0.67
28/05/2025,7,shaded,S3,0.374,-0.43,-0.43,0.61
28/05/2025,7,shaded,S3,0.396,-0.4,-0.4,0.63
28/05/2025,7,shaded,S3,0.439,-0.36,-0.36,0.66
28/05/2025,7,shaded,S3,0.398,-0.4,-0.4,0.63
28/05/2025,7,shaded,S3,0.418,-0.38,-0.38,0.65
28/05/2025,7,shaded,S3,0.424,-0.37,-0.37,0.65
28/05/2025,7,shaded,S3,0.463,-0.33,-0.33,0.68
28/05/2025,7,shaded,S3,0.415,-0.38,-0.38,0.64
28/05/2025,7,shaded,S3,0.344,-0.46,-0.46,0.59
28/05/2025,7,shaded,S3,0.478,-0.32,-0.32,0.69
28/05/2025,7,shaded,S3,0.457,-0.34,-0.34,0.68
28/05/2025,7,shaded,S3,0.391,-0.41,-0.41,0.63
28/05/2025,7,shaded,S3,0.449,-0.35,-0.35,0.67
28/05/2025,7,shaded,S3,0.46,-0.34,-0.34,0.68
09/06/2025,17,control,C1,0.465,-0.33,-0.33,0.68
09/06/2025,17,control,C1,0.387,-0.41,-0.41,0.62
09/06/2025,17,control,C1,0.248,-0.61,-0.61,0.5
09/06/2025,17,control,C1,0.266,-0.58,-0.58,0.52
09/06/2025,17,control,C1,0.29,-0.54,-0.54,0.54
09/06/2025,17,control,C1,0.445,-0.35,-0.35,0.67
09/06/2025,17,control,C1,0.297,-0.53,-0.53,0.54
09/06/2025,17,control,C1,0.318,-0.5,-0.5,0.56
09/06/2025,17,control,C1,0.3,-0.52,-0.52,0.55
09/06/2025,17,control,C1,0.286,-0.54,-0.54,0.53
09/06/2025,17,control,C1,0.392,-0.41,-0.41,0.63
09/06/2025,17,control,C1,0.215,-0.67,-0.67,0.46
09/06/2025,17,control,C1,0.247,-0.61,-0.61,0.5
09/06/2025,17,control,C1,0.345,-0.46,-0.46,0.59
09/06/2025,17,control,C1,0.311,-0.51,-0.51,0.56
09/06/2025,17,control,C1,0.372,-0.43,-0.43,0.61
09/06/2025,17,control,C1,0.369,-0.43,-0.43,0.61
09/06/2025,17,control,C1,0.275,-0.56,-0.56,0.52
09/06/2025,17,control,C1,0.27,-0.57,-0.57,0.52
09/06/2025,17,control,C1,0.348,-0.46,-0.46,0.59
09/06/2025,17,control,C1,0.331,-0.48,-0.48,0.58
09/06/2025,17,control,C1,0.294,-0.53,-0.53,0.54
09/06/2025,17,control,C1,0.277,-0.56,-0.56,0.53
09/06/2025,17,control,C1,0.352,-0.45,-0.45,0.59
09/06/2025,17,control,C1,0.306,-0.51,-0.51,0.55
09/06/2025,17,control,C1,0.454,-0.34,-0.34,0.67
09/06/2025,17,control,C1,0.254,-0.6,-0.6,0.5
09/06/2025,17,control,C1,0.319,-0.5,-0.5,0.56
09/06/2025,17,control,C1,0.281,-0.55,-0.55,0.53
09/06/2025,17,control,C1,0.294,-0.53,-0.53,0.54
09/06/2025,17,control,C1,0.283,-0.55,-0.55,0.53
09/06/2025,17,control,C1,0.405,-0.39,-0.39,0.64
09/06/2025,17,control,C1,0.279,-0.55,-0.55,0.53
09/06/2025,17,control,C1,0.267,-0.57,-0.57,0.52
09/06/2025,17,control,C1,0.342,-0.47,-0.47,0.58
09/06/2025,17,control,C1,0.334,-0.48,-0.48,0.58
09/06/2025,17,control,C1,0.237,-0.63,-0.63,0.49
09/06/2025,17,control,C1,0.242,-0.62,-0.62,0.49
09/06/2025,17,control,C1,0.283,-0.55,-0.55,0.53
09/06/2025,17,control,C1,0.334,-0.48,-0.48,0.58
09/06/2025,17,control,C1,0.285,-0.55,-0.55,0.53
09/06/2025,17,control,C1,0.316,-0.5,-0.5,0.56
09/06/2025,17,control,C1,0.26,-0.59,-0.59,0.51
09/06/2025,17,control,C1,0.329,-0.48,-0.48,0.57
09/06/2025,17,control,C1,0.316,-0.5,-0.5,0.56
09/06/2025,17,control,C1,0.35,-0.46,-0.46,0.59
09/06/2025,17,control,C1,0.31,-0.51,-0.51,0.56
09/06/2025,17,control,C1,0.321,-0.49,-0.49,0.57
09/06/2025,17,control,C1,0.297,-0.53,-0.53,0.54
09/06/2025,17,control,C1,0.341,-0.47,-0.47,0.58
09/06/2025,17,control,C2,0.275,-0.56,-0.56,0.52
09/06/2025,17,control,C2,0.267,-0.57,-0.57,0.52
09/06/2025,17,control,C2,0.262,-0.58,-0.58,0.51
09/06/2025,17,control,C2,0.336,-0.47,-0.47,0.58
09/06/2025,17,control,C2,0.342,-0.47,-0.47,0.58
09/06/2025,17,control,C2,0.298,-0.53,-0.53,0.55
09/06/2025,17,control,C2,0.227,-0.64,-0.64,0.48
09/06/2025,17,control,C2,0.274,-0.56,-0.56,0.52
09/06/2025,17,control,C2,0.312,-0.51,-0.51,0.56
09/06/2025,17,control,C2,0.313,-0.5,-0.5,0.56
09/06/2025,17,control,C2,0.388,-0.41,-0.41,0.62
09/06/2025,17,control,C2,0.319,-0.5,-0.5,0.56
09/06/2025,17,control,C2,0.364,-0.44,-0.44,0.6
09/06/2025,17,control,C2,0.343,-0.46,-0.46,0.59
09/06/2025,17,control,C2,0.37,-0.43,-0.43,0.61
09/06/2025,17,control,C2,0.282,-0.55,-0.55,0.53
09/06/2025,17,control,C2,0.294,-0.53,-0.53,0.54
09/06/2025,17,control,C2,0.258,-0.59,-0.59,0.51
09/06/2025,17,control,C2,0.267,-0.57,-0.57,0.52
09/06/2025,17,control,C2,0.439,-0.36,-0.36,0.66
09/06/2025,17,control,C2,0.243,-0.61,-0.61,0.49
09/06/2025,17,control,C2,0.307,-0.51,-0.51,0.55
09/06/2025,17,control,C2,0.269,-0.57,-0.57,0.52
09/06/2025,17,control,C2,0.266,-0.58,-0.58,0.52
09/06/2025,17,control,C2,0.275,-0.56,-0.56,0.52
09/06/2025,17,control,C2,0.465,-0.33,-0.33,0.68
09/06/2025,17,control,C2,0.314,-0.5,-0.5,0.56
09/06/2025,17,control,C2,0.323,-0.49,-0.49,0.57
09/06/2025,17,control,C2,0.236,-0.63,-0.63,0.49
09/06/2025,17,control,C2,0.36,-0.44,-0.44,0.6
09/06/2025,17,control,C2,0.259,-0.59,-0.59,0.51
09/06/2025,17,control,C2,0.249,-0.6,-0.6,0.5
09/06/2025,17,control,C2,0.316,-0.5,-0.5,0.56
09/06/2025,17,control,C2,0.312,-0.51,-0.51,0.56
09/06/2025,17,control,C2,0.413,-0.38,-0.38,0.64
09/06/2025,17,control,C2,0.259,-0.59,-0.59,0.51
09/06/2025,17,control,C2,0.277,-0.56,-0.56,0.53
09/06/2025,17,control,C2,0.299,-0.52,-0.52,0.55
09/06/2025,17,control,C2,0.32,-0.49,-0.49,0.57
09/06/2025,17,control,C2,0.309,-0.51,-0.51,0.56
09/06/2025,17,control,C2,0.361,-0.44,-0.44,0.6
09/06/2025,17,control,C2,0.264,-0.58,-0.58,0.51
09/06/2025,17,control,C2,0.263,-0.58,-0.58,0.51
09/06/2025,17,control,C2,0.337,-0.47,-0.47,0.58
09/06/2025,17,control,C2,0.351,-0.45,-0.45,0.59
09/06/2025,17,control,C2,0.341,-0.47,-0.47,0.58
09/06/2025,17,control,C2,0.338,-0.47,-0.47,0.58
09/06/2025,17,control,C2,0.293,-0.53,-0.53,0.54
09/06/2025,17,control,C2,0.233,-0.63,-0.63,0.48
09/06/2025,17,control,C2,0.271,-0.57,-0.57,0.52
09/06/2025,17,control,C3,0.252,-0.6,-0.6,0.5
09/06/2025,17,control,C3,0.317,-0.5,-0.5,0.56
09/06/2025,17,control,C3,0.338,-0.47,-0.47,0.58
09/06/2025,17,control,C3,0.317,-0.5,-0.5,0.56
09/06/2025,17,control,C3,0.332,-0.48,-0.48,0.58
09/06/2025,17,control,C3,0.26,-0.59,-0.59,0.51
09/06/2025,17,control,C3,0.288,-0.54,-0.54,0.54
09/06/2025,17,control,C3,0.237,-0.63,-0.63,0.49
09/06/2025,17,control,C3,0.272,-0.57,-0.57,0.52
09/06/2025,17,control,C3,0.336,-0.47,-0.47,0.58
09/06/2025,17,control,C3,0.28,-0.55,-0.55,0.53
09/06/2025,17,control,C3,0.262,-0.58,-0.58,0.51
09/06/2025,17,control,C3,0.322,-0.49,-0.49,0.57
09/06/2025,17,control,C3,0.34,-0.47,-0.47,0.58
09/06/2025,17,control,C3,0.324,-0.49,-0.49,0.57
09/06/2025,17,control,C3,0.35,-0.46,-0.46,0.59
09/06/2025,17,control,C3,0.353,-0.45,-0.45,0.59
09/06/2025,17,control,C3,0.296,-0.53,-0.53,0.54
09/06/2025,17,control,C3,0.439,-0.36,-0.36,0.66
09/06/2025,17,control,C3,0.355,-0.45,-0.45,0.6
09/06/2025,17,control,C3,0.305,-0.52,-0.52,0.55
09/06/2025,17,control,C3,0.286,-0.54,-0.54,0.53
09/06/2025,17,control,C3,0.268,-0.57,-0.57,0.52
09/06/2025,17,control,C3,0.333,-0.48,-0.48,0.58
09/06/2025,17,control,C3,0.269,-0.57,-0.57,0.52
09/06/2025,17,control,C3,0.28,-0.55,-0.55,0.53
09/06/2025,17,control,C3,0.268,-0.57,-0.57,0.52
09/06/2025,17,control,C3,0.446,-0.35,-0.35,0.67
09/06/2025,17,control,C3,0.329,-0.48,-0.48,0.57
09/06/2025,17,control,C3,0.288,-0.54,-0.54,0.54
09/06/2025,17,control,C3,0.277,-0.56,-0.56,0.53
09/06/2025,17,control,C3,0.295,-0.53,-0.53,0.54
09/06/2025,17,control,C3,0.301,-0.52,-0.52,0.55
09/06/2025,17,control,C3,0.274,-0.56,-0.56,0.52
09/06/2025,17,control,C3,0.358,-0.45,-0.45,0.6
09/06/2025,17,control,C3,0.254,-0.6,-0.6,0.5
09/06/2025,17,control,C3,0.31,-0.51,-0.51,0.56
09/06/2025,17,control,C3,0.274,-0.56,-0.56,0.52
09/06/2025,17,control,C3,0.291,-0.54,-0.54,0.54
09/06/2025,17,control,C3,0.388,-0.41,-0.41,0.62
09/06/2025,17,control,C3,0.28,-0.55,-0.55,0.53
09/06/2025,17,control,C3,0.297,-0.53,-0.53,0.54
09/06/2025,17,control,C3,0.29,-0.54,-0.54,0.54
09/06/2025,17,control,C3,0.299,-0.52,-0.52,0.55
09/06/2025,17,control,C3,0.267,-0.57,-0.57,0.52
09/06/2025,17,control,C3,0.276,-0.56,-0.56,0.53
09/06/2025,17,control,C3,0.288,-0.54,-0.54,0.54
09/06/2025,17,control,C3,0.354,-0.45,-0.45,0.59
09/06/2025,17,control,C3,0.292,-0.53,-0.53,0.54
09/06/2025,17,control,C3,0.37,-0.43,-0.43,0.61
09/06/2025,17,shaded,S1,0.324,-0.49,-0.49,0.57
09/06/2025,17,shaded,S1,0.226,-0.65,-0.65,0.48
09/06/2025,17,shaded,S1,0.403,-0.39,-0.39,0.63
09/06/2025,17,shaded,S1,0.268,-0.57,-0.57,0.52
09/06/2025,17,shaded,S1,0.295,-0.53,-0.53,0.54
09/06/2025,17,shaded,S1,0.41,-0.39,-0.39,0.64
09/06/2025,17,shaded,S1,0.254,-0.6,-0.6,0.5
09/06/2025,17,shaded,S1,0.241,-0.62,-0.62,0.49
09/06/2025,17,shaded,S1,0.418,-0.38,-0.38,0.65
09/06/2025,17,shaded,S1,0.428,-0.37,-0.37,0.65
09/06/2025,17,shaded,S1,0.386,-0.41,-0.41,0.62
09/06/2025,17,shaded,S1,0.314,-0.5,-0.5,0.56
09/06/2025,17,shaded,S1,0.423,-0.37,-0.37,0.65
09/06/2025,17,shaded,S1,0.307,-0.51,-0.51,0.55
09/06/2025,17,shaded,S1,0.259,-0.59,-0.59,0.51
09/06/2025,17,shaded,S1,0.327,-0.49,-0.49,0.57
09/06/2025,17,shaded,S1,0.273,-0.56,-0.56,0.52
09/06/2025,17,shaded,S1,0.305,-0.52,-0.52,0.55
09/06/2025,17,shaded,S1,0.291,-0.54,-0.54,0.54
09/06/2025,17,shaded,S1,0.317,-0.5,-0.5,0.56
09/06/2025,17,shaded,S1,0.288,-0.54,-0.54,0.54
09/06/2025,17,shaded,S1,0.406,-0.39,-0.39,0.64
09/06/2025,17,shaded,S1,0.273,-0.56,-0.56,0.52
09/06/2025,17,shaded,S1,0.266,-0.58,-0.58,0.52
09/06/2025,17,shaded,S1,0.275,-0.56,-0.56,0.52
09/06/2025,17,shaded,S1,0.285,-0.55,-0.55,0.53
09/06/2025,17,shaded,S1,0.301,-0.52,-0.52,0.55
09/06/2025,17,shaded,S1,0.267,-0.57,-0.57,0.52
09/06/2025,17,shaded,S1,0.293,-0.53,-0.53,0.54
09/06/2025,17,shaded,S1,0.333,-0.48,-0.48,0.58
09/06/2025,17,shaded,S1,0.452,-0.34,-0.34,0.67
09/06/2025,17,shaded,S1,0.319,-0.5,-0.5,0.56
09/06/2025,17,shaded,S1,0.265,-0.58,-0.58,0.51
09/06/2025,17,shaded,S1,0.305,-0.52,-0.52,0.55
09/06/2025,17,shaded,S1,0.249,-0.6,-0.6,0.5
09/06/2025,17,shaded,S1,0.374,-0.43,-0.43,0.61
09/06/2025,17,shaded,S1,0.33,-0.48,-0.48,0.57
09/06/2025,17,shaded,S1,0.383,-0.42,-0.42,0.62
09/06/2025,17,shaded,S1,0.301,-0.52,-0.52,0.55
09/06/2025,17,shaded,S1,0.579,-0.24,-0.24,0.76
09/06/2025,17,shaded,S1,0.419,-0.38,-0.38,0.65
09/06/2025,17,shaded,S1,0.373,-0.43,-0.43,0.61
09/06/2025,17,shaded,S1,0.4,-0.4,-0.4,0.63
09/06/2025,17,shaded,S2,0.267,-0.57,-0.57,0.52
09/06/2025,17,shaded,S2,0.313,-0.5,-0.5,0.56
09/06/2025,17,shaded,S2,0.282,-0.55,-0.55,0.53
09/06/2025,17,shaded,S2,0.315,-0.5,-0.5,0.56
09/06/2025,17,shaded,S2,0.247,-0.61,-0.61,0.5
09/06/2025,17,shaded,S2,0.336,-0.47,-0.47,0.58
09/06/2025,17,shaded,S2,0.299,-0.52,-0.52,0.55
09/06/2025,17,shaded,S2,0.325,-0.49,-0.49,0.57
09/06/2025,17,shaded,S2,0.291,-0.54,-0.54,0.54
09/06/2025,17,shaded,S2,0.406,-0.39,-0.39,0.64
09/06/2025,17,shaded,S2,0.309,-0.51,-0.51,0.56
09/06/2025,17,shaded,S2,0.329,-0.48,-0.48,0.57
09/06/2025,17,shaded,S2,0.282,-0.55,-0.55,0.53
09/06/2025,17,shaded,S2,0.505,-0.3,-0.3,0.71
09/06/2025,17,shaded,S2,0.369,-0.43,-0.43,0.61
09/06/2025,17,shaded,S2,0.387,-0.41,-0.41,0.62
09/06/2025,17,shaded,S2,0.272,-0.57,-0.57,0.52
09/06/2025,17,shaded,S2,0.31,-0.51,-0.51,0.56
09/06/2025,17,shaded,S2,0.332,-0.48,-0.48,0.58
09/06/2025,17,shaded,S2,0.28,-0.55,-0.55,0.53
09/06/2025,17,shaded,S2,0.322,-0.49,-0.49,0.57
09/06/2025,17,shaded,S2,0.431,-0.37,-0.37,0.66
09/06/2025,17,shaded,S2,0.268,-0.57,-0.57,0.52
09/06/2025,17,shaded,S2,0.271,-0.57,-0.57,0.52
09/06/2025,17,shaded,S2,0.327,-0.49,-0.49,0.57
09/06/2025,17,shaded,S2,0.388,-0.41,-0.41,0.62
09/06/2025,17,shaded,S2,0.288,-0.54,-0.54,0.54
09/06/2025,17,shaded,S2,0.344,-0.46,-0.46,0.59
09/06/2025,17,shaded,S2,0.292,-0.53,-0.53,0.54
09/06/2025,17,shaded,S2,0.299,-0.52,-0.52,0.55
09/06/2025,17,shaded,S2,0.303,-0.52,-0.52,0.55
09/06/2025,17,shaded,S2,0.314,-0.5,-0.5,0.56
09/06/2025,17,shaded,S2,0.247,-0.61,-0.61,0.5
09/06/2025,17,shaded,S2,0.343,-0.46,-0.46,0.59
09/06/2025,17,shaded,S2,0.23,-0.64,-0.64,0.48
09/06/2025,17,shaded,S2,0.221,-0.66,-0.66,0.47
09/06/2025,17,shaded,S2,0.349,-0.46,-0.46,0.59
09/06/2025,17,shaded,S2,0.246,-0.61,-0.61,0.5
09/06/2025,17,shaded,S2,0.274,-0.56,-0.56,0.52
09/06/2025,17,shaded,S2,0.295,-0.53,-0.53,0.54
09/06/2025,17,shaded,S2,0.336,-0.47,-0.47,0.58
09/06/2025,17,shaded,S2,0.254,-0.6,-0.6,0.5
09/06/2025,17,shaded,S2,0.29,-0.54,-0.54,0.54
09/06/2025,17,shaded,S2,0.385,-0.41,-0.41,0.62
09/06/2025,17,shaded,S2,0.348,-0.46,-0.46,0.59
09/06/2025,17,shaded,S2,0.338,-0.47,-0.47,0.58
09/06/2025,17,shaded,S2,0.322,-0.49,-0.49,0.57
09/06/2025,17,shaded,S2,0.305,-0.52,-0.52,0.55
09/06/2025,17,shaded,S2,0.274,-0.56,-0.56,0.52
09/06/2025,17,shaded,S2,0.342,-0.47,-0.47,0.58
09/06/2025,17,shaded,S3,0.431,-0.37,-0.37,0.66
09/06/2025,17,shaded,S3,0.315,-0.5,-0.5,0.56
09/06/2025,17,shaded,S3,0.4,-0.4,-0.4,0.63
09/06/2025,17,shaded,S3,0.272,-0.57,-0.57,0.52
09/06/2025,17,shaded,S3,0.334,-0.48,-0.48,0.58
09/06/2025,17,shaded,S3,0.262,-0.58,-0.58,0.51
09/06/2025,17,shaded,S3,0.354,-0.45,-0.45,0.59
09/06/2025,17,shaded,S3,0.266,-0.58,-0.58,0.52
09/06/2025,17,shaded,S3,0.377,-0.42,-0.42,0.61
09/06/2025,17,shaded,S3,0.226,-0.65,-0.65,0.48
09/06/2025,17,shaded,S3,0.258,-0.59,-0.59,0.51
09/06/2025,17,shaded,S3,0.525,-0.28,-0.28,0.72
09/06/2025,17,shaded,S3,0.38,-0.42,-0.42,0.62
09/06/2025,17,shaded,S3,0.275,-0.56,-0.56,0.52
09/06/2025,17,shaded,S3,0.308,-0.51,-0.51,0.55
09/06/2025,17,shaded,S3,0.412,-0.39,-0.39,0.64
09/06/2025,17,shaded,S3,0.335,-0.47,-0.47,0.58
09/06/2025,17,shaded,S3,0.24,-0.62,-0.62,0.49
09/06/2025,17,shaded,S3,0.289,-0.54,-0.54,0.54
09/06/2025,17,shaded,S3,0.253,-0.6,-0.6,0.5
09/06/2025,17,shaded,S3,0.317,-0.5,-0.5,0.56
09/06/2025,17,shaded,S3,0.254,-0.6,-0.6,0.5
09/06/2025,17,shaded,S3,0.307,-0.51,-0.51,0.55
09/06/2025,17,shaded,S3,0.269,-0.57,-0.57,0.52
09/06/2025,17,shaded,S3,0.276,-0.56,-0.56,0.53
09/06/2025,17,shaded,S3,0.22,-0.66,-0.66,0.47
09/06/2025,17,shaded,S3,0.267,-0.57,-0.57,0.52
09/06/2025,17,shaded,S3,0.264,-0.58,-0.58,0.51
09/06/2025,17,shaded,S3,0.241,-0.62,-0.62,0.49
09/06/2025,17,shaded,S3,0.245,-0.61,-0.61,0.49
09/06/2025,17,shaded,S3,0.355,-0.45,-0.45,0.6
09/06/2025,17,shaded,S3,0.643,-0.19,-0.19,0.8
09/06/2025,17,shaded,S3,0.221,-0.66,-0.66,0.47
09/06/2025,17,shaded,S3,0.343,-0.46,-0.46,0.59
09/06/2025,17,shaded,S3,0.417,-0.38,-0.38,0.65
09/06/2025,17,shaded,S3,0.299,-0.52,-0.52,0.55
09/06/2025,17,shaded,S3,0.293,-0.53,-0.53,0.54
09/06/2025,17,shaded,S3,0.329,-0.48,-0.48,0.57
09/06/2025,17,shaded,S3,0.26,-0.59,-0.59,0.51
09/06/2025,17,shaded,S3,0.361,-0.44,-0.44,0.6
09/06/2025,17,shaded,S3,0.305,-0.52,-0.52,0.55
09/06/2025,17,shaded,S3,0.311,-0.51,-0.51,0.56
09/06/2025,17,shaded,S3,0.251,-0.6,-0.6,0.5
09/06/2025,17,shaded,S3,0.298,-0.53,-0.53,0.55
